mid,name,sex,face,fans,attention,archive,article,likes,time
282994,泠鸢yousa,女,http://i1.hdslb.com/bfs/face/28f95c383f2805dbed32e93007c91ccfda28775f.jpg,2803041,175,91164225,411718,8327668,2021-02-04 23:28:51
11073,hanser,女,http://i2.hdslb.com/bfs/face/0a9546e9733bfb60d3000c108f0db26156d8d430.jpg,2461751,38,128052591,399316,10397855,2021-02-04 23:28:57
345630501,黄龄,女,http://i0.hdslb.com/bfs/face/389be742ba9e3fc79603eee582b7c1e3811e1935.jpg,1870609,9,78060568,0,6795514,2021-02-04 23:29:02
3046429,祖娅纳惜,女,http://i1.hdslb.com/bfs/face/a106d10c463c136d8996a82139484681d3822afe.jpg,1320279,229,98555428,0,6602112,2021-02-04 23:29:07
415479453,主厨农国栋,男,http://i0.hdslb.com/bfs/face/29b739d5dee8635015fdeeac77e68e58f3de3cb0.jpg,1357466,11,191348734,0,11849345,2021-02-04 23:29:13
79577853,智能路障,保密,http://i2.hdslb.com/bfs/face/f56a6aef4271593a451f3545dc00af3549868939.jpg,1838164,88,49885290,451850,6082698,2021-02-04 23:29:18
596324576,音乐制作人Kurt,男,http://i2.hdslb.com/bfs/face/628b1bfeaae9387bdb337cfc5ca334004bee71c1.jpg,1549087,10,45454384,0,6291121,2021-02-04 23:29:24
375375,伊丽莎白鼠,男,http://i0.hdslb.com/bfs/face/6c36ec15f6d7ddd9bdb558511521bd0256779e1c.jpg,5935485,48,433114947,0,20159001,2021-02-04 23:29:29
176037767,我是郭杰瑞,男,http://i2.hdslb.com/bfs/face/6182455e4d61159121c223ddc7a3a381f2d4d056.jpg,6491754,29,709801472,0,30860144,2021-02-04 23:29:34
450595813,文不叮,女,http://i1.hdslb.com/bfs/face/dccef5706a240d279768e89e8150f71ad2651e33.jpg,1901696,44,68975590,0,4958394,2021-02-04 23:29:40
4162287,渗透之C君,女,http://i0.hdslb.com/bfs/face/0e6854af41aa8a030c368e0779b8803b3e79941b.jpg,5335823,18,445397551,651905,17867470,2021-02-04 23:29:45
604003146,帕梅拉PamelaReif,女,http://i0.hdslb.com/bfs/face/95823274c36951a15ca12e3b05078859c536f4a4.jpg,4054500,3,58506329,0,1265282,2021-02-04 23:29:51
6574487,纳豆奶奶,女,http://i2.hdslb.com/bfs/face/0a8638b34173708fcf979bd1166fbb7fdb1110a4.jpg,4500584,50,314940717,0,26604531,2021-02-04 23:29:56
483879799,猛男舞团IconX,保密,http://i2.hdslb.com/bfs/face/a9888dca151c80d86741063d057f11e7e32dfd99.jpg,1542615,6,71038966,0,6319272,2021-02-04 23:30:01
590490400,克里米亚野生动物园,保密,http://i1.hdslb.com/bfs/face/8ed24d53939fad1b707416c5c3d2b084d92aa638.jpg,1403255,20,186038173,779987,20940543,2021-02-04 23:30:07
26139491,假美食po主,保密,http://i2.hdslb.com/bfs/face/dd151788db4e32540d5ab59210397a5d1c82e11c.jpg,2989350,447,269903949,0,13675448,2021-02-04 23:30:12
369750017,韩小四April,女,http://i0.hdslb.com/bfs/face/60de44f17b8ec156c1b1e89cdc6bb11cb14ddc52.jpg,1643069,9,97364145,5094,2511595,2021-02-04 23:30:17
4474705,孤独的美食基,男,http://i1.hdslb.com/bfs/face/df188387360d6ad90f9e36ac4aaea68ed9f3c9be.jpg,3304266,121,228008516,0,11220769,2021-02-04 23:30:23
2920960,大祥哥来了,男,http://i1.hdslb.com/bfs/face/1b1fbd26ca19e309425ba58c46822b04a20bdf17.jpg,4587393,112,492691852,0,25876788,2021-02-04 23:30:28
777536,LexBurner,男,http://i2.hdslb.com/bfs/face/2996e22a24eed2d7767e452627a9130207defe6a.jpg,9354165,36,1057395204,1722681,52213621,2021-02-04 23:30:33
433351,EdmundDZhang,男,http://i1.hdslb.com/bfs/face/5d94b9727a49815716cd66fc7ba3840382025c56.jpg,2967512,49,448035988,0,9678623,2021-02-04 23:30:39
326246517,zettaranc,男,http://i0.hdslb.com/bfs/face/7ad1414215e6529dd6308a990b57ccc0a948a0c2.jpg,1859174,73,83545929,0,6593436,2021-02-04 23:30:44
62540916,周六野Zoey,女,http://i0.hdslb.com/bfs/face/3343a1a609d95c669671b0b4e57484708fb6760c.jpg,7506209,29,414668741,100855,9313949,2021-02-04 23:30:50
562197,中国BOY超级大猩猩,男,http://i0.hdslb.com/bfs/face/068939602dae190c86f6b36ca301281d7d8aa6d9.jpg,6908768,70,1152987631,0,46892658,2021-02-04 23:30:55
416128940,在下哲别,保密,http://i2.hdslb.com/bfs/face/e48938cbeb12c81026067280f5e410e6a1627ccb.jpg,2385004,99,158221463,0,12913077,2021-02-04 23:31:00
35359510,远古时代装机猿,男,http://i1.hdslb.com/bfs/face/ec008e32064705c576f3ffd73d20288e441d945f.jpg,2594806,99,215341381,178223,8763985,2021-02-04 23:31:06
147166910,雨哥到处跑,保密,http://i2.hdslb.com/bfs/face/5717b696a212199679c31857b46c3ba5c465ee06.jpg,1680699,188,133388501,0,16137064,2021-02-04 23:31:11
26240675,与山0v0,男,http://i2.hdslb.com/bfs/face/1dd429855a968c9d22b8ccc000a7aaabe8dbc201.jpg,2167908,85,281756039,0,20523135,2021-02-04 23:31:17
37663924,硬核的半佛仙人,保密,http://i1.hdslb.com/bfs/face/aaf33dced1941af0946f37c62f4b48fcaba9c9a2.jpg,5329338,137,343818201,23545649,36576905,2021-02-04 23:31:22
946974,影视飓风,男,http://i0.hdslb.com/bfs/face/c1733474892caa45952b2c09a89323157df7129a.jpg,2069076,322,80734535,1893324,6332965,2021-02-04 23:31:27
16539048,一只小仙若,女,http://i0.hdslb.com/bfs/face/b11a07958e3282b84740920f8a66bbe92fdb29a7.jpg,1956495,125,147438524,0,4090611,2021-02-04 23:31:33
13354765,徐大虾咯,男,http://i1.hdslb.com/bfs/face/022ed8d37575bebe32346ba210395f9fe98a6a10.jpg,5885119,62,673977840,0,33267386,2021-02-04 23:31:38
10119428,小片片说大片,保密,http://i2.hdslb.com/bfs/face/efdffa699545c92df188e14da12f212b2ae7a93b.jpg,3911220,272,600677171,5473631,35450600,2021-02-04 23:31:43
5970160,小潮院长,男,http://i1.hdslb.com/bfs/face/834eb0de8d2f470bf03e4ea92831b14f3824c863.jpg,5242481,90,629402276,0,46761189,2021-02-04 23:31:49
470156882,小艾大叔,男,http://i2.hdslb.com/bfs/face/b16398e01085cc874936a504c35d03a40063279e.jpg,2162778,57,66545218,0,5219289,2021-02-04 23:31:54
168598,逍遥散人,男,http://i1.hdslb.com/bfs/face/a22f28e1190fab6f7fa2b81fadae1974cadf02f4.jpg,4794787,76,453167079,0,22145543,2021-02-04 23:31:59
94281836,文西与阿漆,保密,http://i2.hdslb.com/bfs/face/ae7a0c58232beb681c8d7470914b78f03dc2d313.jpg,1797336,222,282488067,0,20575784,2021-02-04 23:32:05
452309333,丸子叨叨叨,男,http://i2.hdslb.com/bfs/face/049c24b1fb0af3329df9dcd2bd75b02811e7b4db.jpg,1400248,250,171134526,181441,15633843,2021-02-04 23:32:10
96070394,推背兔の,男,http://i2.hdslb.com/bfs/face/db356930131b40a4c457b29e393a1b1999fee477.jpg,836618,292,138875357,0,9918665,2021-02-04 23:32:15
7788379,兔叭咯,男,http://i1.hdslb.com/bfs/face/9793d089606e7f5653fc7011da6a4f37a7ec7698.jpg,3954909,266,134221267,0,13923585,2021-02-04 23:32:21
3066511,特效小哥studio,保密,http://i1.hdslb.com/bfs/face/6ec724a9cccb64d4e93dc1c25aea6608ac72abde.gif,1484701,121,101017972,0,10593332,2021-02-04 23:32:26
1958342,水无月菌,男,http://i2.hdslb.com/bfs/face/f9c8a8ecb20f3e1a8cb7f93c579e06a40f01ecb2.jpg,1700279,58,234690721,0,9842439,2021-02-04 23:32:32
39627524,食贫道,男,http://i2.hdslb.com/bfs/face/eef12b850c10b0d7a7929236abb08604955823c0.jpg,1864178,91,96209139,226712,7770251,2021-02-04 23:32:37
23604445,上海滩许Van强,女,http://i1.hdslb.com/bfs/face/79a2e1a14208d48bb654a391fdf1ab60f16e725f.jpg,1590938,237,151140242,0,9988705,2021-02-04 23:32:42
515993,枪弹轨迹,男,http://i2.hdslb.com/bfs/face/7276d12fc6ca7df714f47a4f573d3e8aeaa52301.jpg,1850669,103,235717060,0,14691989,2021-02-04 23:32:48
454719565,奇闻观察室,保密,http://i1.hdslb.com/bfs/face/9a3db43b055b313a982ef09cf5f8f249b537cfe9.jpg,1724227,95,93115458,63488,6547795,2021-02-04 23:32:53
5293668,齐天大肾余潇洒,男,http://i2.hdslb.com/bfs/face/8f1ef74e51066f01bc18cc2275366857b09293f5.jpg,1283641,210,54197183,394366,4293546,2021-02-04 23:32:59
730732,瓶子君152,男,http://i1.hdslb.com/bfs/face/98e257964e64dd8cf27b0a52779724aed9a614e9.jpg,2705974,109,220075534,785660,12816682,2021-02-04 23:33:04
59905809,哦呼w,男,http://i0.hdslb.com/bfs/face/57ead5621801ec8a637bc47754e00e9ae6e62888.gif,1297746,186,149825666,0,8712760,2021-02-04 23:33:09
414641554,女胖胖,女,http://i1.hdslb.com/bfs/face/cfab54937c0f0f17d37a4c4c0b3d01552d6033c6.jpg,1947520,88,245650777,0,13849960,2021-02-04 23:33:15
7487399,努力的Lorre,男,http://i2.hdslb.com/bfs/face/c63ebeed7d49967e2348ef953b539f8de90c5140.jpg,3752984,136,489211549,2164863,18423937,2021-02-04 23:33:20
27756469,奶糕成精档案社,男,http://i1.hdslb.com/bfs/face/e8066ee612baa2d76d5e37272c586e23664cfb63.jpg,1141569,11,45473086,0,4769721,2021-02-04 23:33:25
927587,木鱼水心,男,http://i2.hdslb.com/bfs/face/e922d9dc09a2d21f1400ad0f02f75ecf1b3575c8.jpg,5863694,55,683605185,0,21557354,2021-02-04 23:33:31
1577804,某幻君,男,http://i2.hdslb.com/bfs/face/ede5e9251614c89c5c19a163a9bfde9a3913e115.jpg,6579654,42,541908929,0,33225506,2021-02-04 23:33:36
18202105,绵羊料理,女,http://i1.hdslb.com/bfs/face/54b5c9c2ad7f1baff195090bfd6afa365ef20c37.jpg,6670599,137,452937283,407694,30630813,2021-02-04 23:33:42
517327498,罗翔说刑法,保密,http://i1.hdslb.com/bfs/face/4e5d0a51273fe3f8fabc700b6a71bb8a38c9e21e.jpg,12269332,11,308734501,1076270,39336845,2021-02-04 23:33:47
51896064,罗汉解说,保密,http://i0.hdslb.com/bfs/face/6f759bacec8d3e580d082431a70954026faee493.jpg,2694111,119,155588304,0,16180019,2021-02-04 23:33:52
79061224,刘老师说电影,男,http://i1.hdslb.com/bfs/face/145226ff2d32d7c99b8ea3591ffec2f38fc9d3d3.jpg,3369754,209,468628826,295043,17091299,2021-02-04 23:33:57
14110780,凉风Kaze,保密,http://i1.hdslb.com/bfs/face/e0cc906bb531195e9ee9f3b575effdd2b056eaea.jpg,7723315,14,926495972,969375,89131786,2021-02-04 23:34:03
519872016,历史调研室,保密,http://i0.hdslb.com/bfs/face/5e687a2a90670e6b8e14b4f635ec38eb99f7e5eb.jpg,1551375,31,32253860,0,2472180,2021-02-04 23:34:08
19642758,力元君,男,http://i0.hdslb.com/bfs/face/1fb779ed26c192e6451a1038772c5c3492c7f957.jpg,2791849,342,241929229,0,17306331,2021-02-04 23:34:14
279583114,老坛胡说,保密,http://i0.hdslb.com/bfs/face/01b96e872a5b0df74e66b94126e13a78cb6f9b74.jpg,2372421,221,150994133,6405,13312147,2021-02-04 23:34:19
163637592,老师好我叫何同学,男,http://i0.hdslb.com/bfs/face/346d9c5e919a991216f4f5a950fb7b73cdd22fff.jpg,6542762,258,170093429,777176,22689803,2021-02-04 23:34:24
546195,老番茄,男,http://i0.hdslb.com/bfs/face/bc5ca101313d4db223c395d64779e76eb3482d60.jpg,14056230,1,1573620846,0,77126376,2021-02-04 23:34:29
250111460,蜡笔和小勋,保密,http://i2.hdslb.com/bfs/face/8a8812e0a9bb3adda90044ef48830584e1efe7a2.jpg,3091922,197,87284618,250710,7555241,2021-02-04 23:34:35
3766866,科技美学,保密,http://i0.hdslb.com/bfs/face/790409b99e6f814024f62a3eef41a58bf7361e65.jpg,3485122,243,384309471,133817,10404909,2021-02-04 23:34:40
279991456,靠谱电竞,保密,http://i1.hdslb.com/bfs/face/f5694c95af22cfe15189a61d9874414128f1781b.jpg,2263332,86,255029324,3287055,18374536,2021-02-04 23:34:45
16794231,靠脸吃饭的徐大王,男,http://i0.hdslb.com/bfs/face/a3ab41c36338b39e5510fb2c23ff9d5e99989869.jpg,3760073,124,753004956,0,23163805,2021-02-04 23:34:51
43222001,卡特亚,保密,http://i2.hdslb.com/bfs/face/ecd8fa38262003f2efa2c7bd733077dc59d2b82b.jpg,1696157,320,158536494,65338,9030244,2021-02-04 23:34:56
9824766,敬汉卿,男,http://i0.hdslb.com/bfs/face/fd8d7ad17af295f7c4256959705f009c5f67e9c6.jpg,9048438,78,1321316907,1108043,71584588,2021-02-04 23:35:02
25150941,极速拍档,保密,http://i0.hdslb.com/bfs/face/e9035c3a7089ce7e11d72cb0cf15fa92064b14ef.jpg,1161878,72,127681376,124944,5531400,2021-02-04 23:35:07
466272,机智的党妹,保密,http://i0.hdslb.com/bfs/face/f6652b5923648c0555029f6f96d79206c33dccd6.jpg,6725840,7,372020477,0,30150553,2021-02-04 23:35:13
258150656,回形针PaperClip,保密,http://i2.hdslb.com/bfs/face/6f1364b43acd594d457f489eda6989e2f5927cb3.jpg,3016877,50,148236287,403751,6853510,2021-02-04 23:35:18
2206456,花少北丶,男,http://i1.hdslb.com/bfs/face/86ef6895a8f88c80f2885e7eb9ba7989db437b93.jpg,5162091,45,394228828,0,25026857,2021-02-04 23:35:24
25422790,红色激情,男,http://i1.hdslb.com/bfs/face/393b19032f0c16fefdedcd74fbc7b6b805956dfa.jpg,976465,8,125104096,0,12107803,2021-02-04 23:35:29
1420982,黑猫厨房,女,http://i2.hdslb.com/bfs/face/4d3af34f4b4f4b17910cb759a1cee0fbd1de1a92.jpg,3026499,564,182891888,441539,14955391,2021-02-04 23:35:34
3353026,鹤吱菌,男,http://i1.hdslb.com/bfs/face/0dc328ed08cdb7e83920919b633077abaa851c79.jpg,2067297,99,127802441,177913,16243206,2021-02-04 23:35:39
10874201,盒子酸奶,男,http://i2.hdslb.com/bfs/face/eeb7692fe046da4b9bc88788af68c243ed585546.jpg,1488206,24,123055805,122,8164591,2021-02-04 23:35:45
436473455,冯提莫,女,http://i2.hdslb.com/bfs/face/977c147e57ae43cfcd45dbdb0909b2ceef30d1c4.jpg,2723009,55,29095316,0,2912740,2021-02-04 23:35:50
72270557,芳斯塔芙,保密,http://i2.hdslb.com/bfs/face/b6c4669d05df92eb45a410ba1ceb1bba34873f1e.jpg,1800485,72,105379868,170993,6993486,2021-02-04 23:35:55
63231,泛式,男,http://i1.hdslb.com/bfs/face/5f60d345059b82f0878984d9f9133f45b33b82be.jpg,3511223,379,255750340,0,19515957,2021-02-04 23:36:01
29329085,二喵的饭,女,http://i2.hdslb.com/bfs/face/50c3d4e5eef474cbff37dff016438309c6451bd0.jpg,3417255,135,222536418,0,19837054,2021-02-04 23:36:06
5294454,逗比的雀巢,男,http://i0.hdslb.com/bfs/face/e42bf0957e4a340f1dff7172702352933a878fd6.jpg,2933117,147,234437442,0,14044836,2021-02-04 23:36:11
285499073,东尼ookii,男,http://i2.hdslb.com/bfs/face/89975e4a5de742d5cd84c04f21a7402e6d9f3a38.jpg,3511527,151,332399088,6334,29733760,2021-02-04 23:36:16
17819768,电影最TOP,男,http://i2.hdslb.com/bfs/face/6b2ade215ea603b495648875c925172a863d16d4.jpg,3429577,23,274331537,22088452,8002889,2021-02-04 23:36:22
99157282,盗月社食遇记,保密,http://i1.hdslb.com/bfs/face/c7fb5da587c2ec6b56ad47579933fda34c000457.jpg,4695465,421,525236374,822767,29143837,2021-02-04 23:36:27
648113003,沈逸老师,男,http://i2.hdslb.com/bfs/face/14633072e31671d939bd49bf2c2077f64929f9e8.jpg,1587767,10,58203341,0,4584203,2021-02-04 23:36:32
2200736,才疏学浅的才浅,男,http://i2.hdslb.com/bfs/face/1f4819b224cd882025a9a6a5f2c6680c332f37bc.jpg,2264059,158,61896353,0,8508772,2021-02-04 23:36:38
378885845,不正经老丝,男,http://i2.hdslb.com/bfs/face/542becaf0f3d5edbc69d7f51f917ffaf75b5c448.jpg,1648482,86,125818518,55669,10249390,2021-02-04 23:36:43
254463269,毕导THU,男,http://i2.hdslb.com/bfs/face/a8bd686a985bb3e30a992948e912effb46a2d018.jpg,3956540,141,122986413,1257230,15803845,2021-02-04 23:36:48
113362335,宝剑嫂,男,http://i0.hdslb.com/bfs/face/93f3d5d1085357565a4c2e4ac151104ac3d783ac.jpg,3381771,379,196922704,0,18921773,2021-02-04 23:36:54
353539995,拜托了小翔哥,男,http://i0.hdslb.com/bfs/face/e3f34781933482a76d175cafcbf57370288de93e.jpg,3240949,5,96635687,0,7220885,2021-02-04 23:36:59
122879,敖厂长,男,http://i2.hdslb.com/bfs/face/8f80f1a4e71d2be308f578dcb2a2e1c70a8c3927.jpg,7438754,17,984229984,0,28548261,2021-02-04 23:37:04
7552204,啊吗粽,男,http://i1.hdslb.com/bfs/face/90d81ca398508963069f1918df0ff37b3e3b22d2.jpg,3482414,205,265575724,0,24667960,2021-02-04 23:37:10
38351330,阿幕降临,保密,http://i0.hdslb.com/bfs/face/b0647a111d44d291846f86d2a18635c1ea7b0170.jpg,1953561,34,181139561,239075,11487752,2021-02-04 23:37:15
21837784,阿斗归来了,男,http://i1.hdslb.com/bfs/face/b6dad37ef0a68341b6e2f84de5e1f9ee02f8365e.jpg,2988067,75,444021302,119328,11996344,2021-02-04 23:37:20
585267,-纯黑-,男,http://i0.hdslb.com/bfs/face/e8ab7b02d6576f4141ea857734b68b9dd35a5730.jpg,3287956,0,373883059,0,6599136,2021-02-04 23:37:25
8366990,-欣小萌-,女,http://i2.hdslb.com/bfs/face/958f13536f6ee9d9693bc271881022e55d77c5f4.jpg,2866278,306,217568965,36936,9031743,2021-02-04 23:37:31
116683,=咬人猫=,女,http://i1.hdslb.com/bfs/face/8fad84a4470f3d894d8f0dc95555ab8f2cb10a83.jpg,3440443,31,292104470,0,7214070,2021-02-04 23:37:36
295723,★⑥檤轮囬★,男,http://i1.hdslb.com/bfs/face/ae16880a3ccba26a2461a04b31ab7f98061cc576.jpg,2347070,47,237190452,1450457,9898048,2021-02-04 23:37:41
